operation_id,primitive_type,placement_config,start_time_ns,end_time_ns,latency_ns,tier_path,num_tier_crossings,was_exception,exception_type
0,1,unknown,710415468,710531742,116274,S,1,0,0
1,1,unknown,710576399,710601626,25227,S,1,0,0
2,1,unknown,710611025,710636220,25195,S,1,0,0
3,1,unknown,710645609,710671246,25637,S,1,0,0
4,1,unknown,710681087,710706282,25195,S,1,0,0
5,1,unknown,710715671,710742298,26627,S,1,0,0
6,1,unknown,710751687,710778315,26628,S,1,0,0
7,1,unknown,710787704,710812886,25182,S,1,0,0
8,1,unknown,710822275,710847909,25634,S,1,0,0
9,1,unknown,710857750,710882932,25182,S,1,0,0
10,1,unknown,710892321,710917516,25195,S,1,0,0
11,1,unknown,710926851,710952046,25195,S,1,0,0
12,1,unknown,710961381,710986575,25194,S,1,0,0
13,1,unknown,710995675,711021528,25853,S,1,0,0
14,1,unknown,711031080,711056275,25195,S,1,0,0
15,1,unknown,711065375,711094183,28808,S,1,0,0
16,1,unknown,711104351,711129842,25491,S,1,0,0
17,1,unknown,711138943,711164138,25195,S,1,0,0
18,1,unknown,711173239,711198433,25194,S,1,0,0
19,1,unknown,711207533,711234172,26639,S,1,0,0
20,1,unknown,711243273,711268468,25195,S,1,0,0
21,1,unknown,711277568,711303215,25647,S,1,0,0
22,1,unknown,711312315,711337509,25194,S,1,0,0
23,1,unknown,711346609,711371803,25194,S,1,0,0
24,1,unknown,711380903,711406098,25195,S,1,0,0
25,1,unknown,711415198,711440393,25195,S,1,0,0
26,1,unknown,711449945,711475591,25646,S,1,0,0
27,1,unknown,711484691,711509885,25194,S,1,0,0
28,1,unknown,711518985,711544180,25195,S,1,0,0
29,1,unknown,711553280,711578736,25456,S,1,0,0
30,1,unknown,711587836,711613070,25234,S,1,0,0
31,1,unknown,711622856,711651236,28380,S,1,0,0
32,1,unknown,711660571,711686061,25490,S,1,0,0
33,1,unknown,711695161,711720355,25194,S,1,0,0
34,1,unknown,711729456,711754651,25195,S,1,0,0
35,1,unknown,711763986,711789180,25194,S,1,0,0
36,1,unknown,711798732,711824378,25646,S,1,0,0
37,1,unknown,711833713,711858908,25195,S,1,0,0
38,1,unknown,711868008,711893203,25195,S,1,0,0
39,1,unknown,711902303,711927497,25194,S,1,0,0
40,1,unknown,711936597,711961792,25195,S,1,0,0
41,1,unknown,711971344,711996990,25646,S,1,0,0
42,1,unknown,712006386,712031581,25195,S,1,0,0
43,1,unknown,712040681,712065875,25194,S,1,0,0
44,1,unknown,712074975,712103457,28482,S,1,0,0
45,1,unknown,712113657,712138849,25192,S,1,0,0
46,1,unknown,712147946,712173591,25645,S,1,0,0
47,1,unknown,712182688,712208176,25488,S,1,0,0
48,1,unknown,712217273,712242762,25489,S,1,0,0
49,1,unknown,712251859,712277051,25192,S,1,0,0
50,1,unknown,712286147,712311637,25490,S,1,0,0
51,1,unknown,712320733,712346377,25644,S,1,0,0
52,1,unknown,712355706,712380900,25194,S,1,0,0
53,1,unknown,712389996,712415189,25193,S,1,0,0
54,1,unknown,712424286,712449479,25193,S,1,0,0
55,1,unknown,712458576,712483768,25192,S,1,0,0
56,1,unknown,712492865,712518510,25645,S,1,0,0
57,1,unknown,712527607,712552799,25192,S,1,0,0
58,1,unknown,712561895,712588833,26938,S,1,0,0
59,1,unknown,712597929,712623587,25658,S,1,0,0
60,1,unknown,712632916,712658109,25193,S,1,0,0
61,1,unknown,712667205,712692887,25682,S,1,0,0
62,1,unknown,712702436,712727662,25226,S,1,0,0
63,1,unknown,712736991,712763138,26147,S,1,0,0
64,1,unknown,712772234,712797427,25193,S,1,0,0
65,1,unknown,712806523,712831717,25194,S,1,0,0
66,1,unknown,712841110,712867050,25940,S,1,0,0
67,1,unknown,712876599,712901791,25192,S,1,0,0
68,1,unknown,712910888,712937525,26637,S,1,0,0
69,1,unknown,712946622,712971815,25193,S,1,0,0
70,1,unknown,712980911,713006104,25193,S,1,0,0
71,1,unknown,713015200,713040844,25644,S,1,0,0
72,1,unknown,713050629,713075821,25192,S,1,0,0
73,1,unknown,713089763,713115791,26028,S,1,0,0
74,1,unknown,713124891,713150085,25194,S,1,0,0
75,1,unknown,713159186,713184380,25194,S,1,0,0
76,1,unknown,713193480,713218674,25194,S,1,0,0
77,1,unknown,713227775,713252969,25194,S,1,0,0
78,1,unknown,713262069,713287263,25194,S,1,0,0
79,1,unknown,713296363,713321557,25194,S,1,0,0
80,1,unknown,713330657,713355851,25194,S,1,0,0
81,1,unknown,713364951,713391591,26640,S,1,0,0
82,1,unknown,713400926,713426121,25195,S,1,0,0
83,1,unknown,713435456,713460650,25194,S,1,0,0
84,1,unknown,713469750,713494944,25194,S,1,0,0
85,1,unknown,713506998,713532191,25193,S,1,0,0
86,1,unknown,713541303,713566498,25195,S,1,0,0
87,1,unknown,713575609,713600802,25193,S,1,0,0
88,1,unknown,713609914,713635109,25195,S,1,0,0
89,1,unknown,713644220,713669415,25195,S,1,0,0
90,1,unknown,713678526,713704015,25489,S,1,0,0
91,1,unknown,713713127,713738354,25227,S,1,0,0
92,1,unknown,713747465,713776097,28632,S,1,0,0
93,1,unknown,713785208,713810414,25206,S,1,0,0
94,1,unknown,713819525,713844730,25205,S,1,0,0
95,1,unknown,713853842,713881447,27605,S,1,0,0
96,1,unknown,713890558,713915764,25206,S,1,0,0
97,1,unknown,713924875,713950532,25657,S,1,0,0
98,1,unknown,713959644,713985145,25501,S,1,0,0
99,1,unknown,713994256,714019461,25205,S,1,0,0
100,1,unknown,714028573,714053782,25209,S,1,0,0
101,1,unknown,714062970,714099387,36417,S,1,0,0
102,1,unknown,714109352,714135397,26045,S,1,0,0
103,1,unknown,714144820,714170030,25210,S,1,0,0
104,1,unknown,714179218,714204428,25210,S,1,0,0
105,1,unknown,714213616,714238827,25211,S,1,0,0
106,1,unknown,714248467,714273677,25210,S,1,0,0
107,1,unknown,714282865,714308075,25210,S,1,0,0
108,1,unknown,714317263,714343919,26656,S,1,0,0
109,1,unknown,714353107,714378318,25211,S,1,0,0
110,1,unknown,714387506,714412716,25210,S,1,0,0
111,1,unknown,714422591,714447800,25209,S,1,0,0
112,1,unknown,714456988,714482200,25212,S,1,0,0
113,1,unknown,714491388,714516598,25210,S,1,0,0
114,1,unknown,714525786,714550996,25210,S,1,0,0
115,1,unknown,714560184,714585394,25210,S,1,0,0
116,1,unknown,714595033,714620245,25212,S,1,0,0
117,1,unknown,714629433,714654643,25210,S,1,0,0
118,1,unknown,714663831,714689041,25210,S,1,0,0
119,1,unknown,714698464,714723674,25210,S,1,0,0
120,1,unknown,714732862,714758071,25209,S,1,0,0
121,1,unknown,714767711,714792955,25244,S,1,0,0
122,1,unknown,714802143,714828798,26655,S,1,0,0
123,1,unknown,714837986,714863197,25211,S,1,0,0
124,1,unknown,714872385,714897594,25209,S,1,0,0
125,1,unknown,714906782,714932004,25222,S,1,0,0
126,1,unknown,714941644,714966855,25211,S,1,0,0
127,1,unknown,714976278,715003757,27479,S,1,0,0
128,1,unknown,715012945,715038160,25215,S,1,0,0
129,1,unknown,715047348,715074015,26667,S,1,0,0
130,1,unknown,715094826,715120870,26044,S,1,0,0
131,1,unknown,715130830,715156040,25210,S,1,0,0
132,1,unknown,715165228,715190438,25210,S,1,0,0
133,1,unknown,715199626,715224836,25210,S,1,0,0
134,1,unknown,715234024,715259235,25211,S,1,0,0
135,1,unknown,715268423,715293633,25210,S,1,0,0
136,1,unknown,715302821,715328032,25211,S,1,0,0
137,1,unknown,715337220,715362430,25210,S,1,0,0
138,1,unknown,715371618,715396829,25211,S,1,0,0
139,1,unknown,715406017,715431227,25210,S,1,0,0
140,1,unknown,715440415,715465626,25211,S,1,0,0
141,1,unknown,715474814,715500025,25211,S,1,0,0
142,1,unknown,715509213,715538039,28826,S,1,0,0
143,1,unknown,715547227,715572447,25220,S,1,0,0
144,1,unknown,715581635,715606855,25220,S,1,0,0
145,1,unknown,715616043,715641263,25220,S,1,0,0
146,1,unknown,715650451,715675671,25220,S,1,0,0
147,1,unknown,715684859,715710078,25219,S,1,0,0
148,1,unknown,715719266,715744486,25220,S,1,0,0
149,1,unknown,715753674,715778894,25220,S,1,0,0
150,1,unknown,715788082,715813302,25220,S,1,0,0
151,1,unknown,715822490,715847743,25253,S,1,0,0
152,1,unknown,715856931,715882151,25220,S,1,0,0
153,1,unknown,715891339,715916558,25219,S,1,0,0
154,1,unknown,715925746,715950967,25221,S,1,0,0
155,1,unknown,715960099,715985320,25221,S,1,0,0
156,1,unknown,715994508,716021177,26669,S,1,0,0
157,1,unknown,716030365,716055578,25213,S,1,0,0
158,1,unknown,716064766,716095882,31116,S,1,0,0
159,1,unknown,716105843,716132845,27002,S,1,0,0
160,1,unknown,716142033,716167246,25213,S,1,0,0
161,1,unknown,716176434,716201647,25213,S,1,0,0
162,1,unknown,716210835,716236048,25213,S,1,0,0
163,1,unknown,716245236,716270449,25213,S,1,0,0
164,1,unknown,716279637,716304851,25214,S,1,0,0
165,1,unknown,716314039,716339252,25213,S,1,0,0
166,1,unknown,716348440,716373653,25213,S,1,0,0
167,1,unknown,716382841,716408054,25213,S,1,0,0
168,1,unknown,716417242,716442455,25213,S,1,0,0
169,1,unknown,716451643,716478301,26658,S,1,0,0
170,1,unknown,716487489,716512703,25214,S,1,0,0
171,1,unknown,716524741,716549954,25213,S,1,0,0
172,1,unknown,716559142,716584355,25213,S,1,0,0
173,1,unknown,716593543,716618757,25214,S,1,0,0
174,1,unknown,716627945,716653158,25213,S,1,0,0
175,1,unknown,716662346,716687559,25213,S,1,0,0
176,1,unknown,716696747,716721960,25213,S,1,0,0
177,1,unknown,716731148,716756361,25213,S,1,0,0
178,1,unknown,716765549,716790762,25213,S,1,0,0
179,1,unknown,716799950,716825163,25213,S,1,0,0
180,1,unknown,716834351,716859565,25214,S,1,0,0
181,1,unknown,716868753,716893999,25246,S,1,0,0
182,1,unknown,716903187,716929848,26661,S,1,0,0
183,1,unknown,716939036,716964248,25212,S,1,0,0
184,1,unknown,716973436,716998651,25215,S,1,0,0
185,1,unknown,717007839,717035966,28127,S,1,0,0
186,1,unknown,717045154,717070366,25212,S,1,0,0
187,1,unknown,717085531,717111577,26046,S,1,0,0
188,1,unknown,717121538,717146751,25213,S,1,0,0
189,1,unknown,717155939,717181152,25213,S,1,0,0
190,1,unknown,717190340,717215553,25213,S,1,0,0
191,1,unknown,717224741,717250909,26168,S,1,0,0
192,1,unknown,717260097,717285310,25213,S,1,0,0
193,1,unknown,717294498,717319711,25213,S,1,0,0
194,1,unknown,717328899,717354113,25214,S,1,0,0
195,1,unknown,717363301,717388513,25212,S,1,0,0
196,1,unknown,717397701,717424358,26657,S,1,0,0
197,1,unknown,717433542,717458754,25212,S,1,0,0
198,1,unknown,717467938,717493150,25212,S,1,0,0
199,1,unknown,717502334,717527545,25211,S,1,0,0
200,1,unknown,717536730,717561942,25212,S,1,0,0
201,1,unknown,717571127,717596338,25211,S,1,0,0
202,1,unknown,717605523,717630734,25211,S,1,0,0
203,1,unknown,717639918,717665129,25211,S,1,0,0
204,1,unknown,717674313,717699524,25211,S,1,0,0
205,1,unknown,717708709,717733920,25211,S,1,0,0
206,1,unknown,717743105,717768317,25212,S,1,0,0
207,1,unknown,717777446,717802657,25211,S,1,0,0
208,1,unknown,717811842,717837053,25211,S,1,0,0
209,1,unknown,717846238,717872895,26657,S,1,0,0
210,1,unknown,717882080,717907291,25211,S,1,0,0
211,1,unknown,717916475,717941719,25244,S,1,0,0
212,1,unknown,717950903,717976114,25211,S,1,0,0
213,1,unknown,717985299,718010510,25211,S,1,0,0
214,1,unknown,718019695,718044906,25211,S,1,0,0
215,1,unknown,718054090,718084202,30112,S,1,0,0
216,1,unknown,718094662,718120710,26048,S,1,0,0
217,1,unknown,718129898,718155111,25213,S,1,0,0
218,1,unknown,718164299,718189513,25214,S,1,0,0
219,1,unknown,718198701,718223913,25212,S,1,0,0
220,1,unknown,718233101,718258315,25214,S,1,0,0
221,1,unknown,718267503,718292715,25212,S,1,0,0
222,1,unknown,718301903,718327117,25214,S,1,0,0
223,1,unknown,718336305,718363918,27613,S,1,0,0
224,1,unknown,718373106,718398319,25213,S,1,0,0
225,1,unknown,718407507,718432721,25214,S,1,0,0
226,1,unknown,718441909,718467122,25213,S,1,0,0
227,1,unknown,718476310,718501523,25213,S,1,0,0
228,1,unknown,718510711,718535924,25213,S,1,0,0
229,1,unknown,718545112,718570325,25213,S,1,0,0
230,1,unknown,718579513,718604726,25213,S,1,0,0
231,1,unknown,718613914,718639127,25213,S,1,0,0
232,1,unknown,718648315,718673529,25214,S,1,0,0
233,1,unknown,718682717,718707930,25213,S,1,0,0
234,1,unknown,718717118,718742331,25213,S,1,0,0
235,1,unknown,718751519,718776732,25213,S,1,0,0
236,1,unknown,718785920,718812578,26658,S,1,0,0
237,1,unknown,718821766,718846979,25213,S,1,0,0
238,1,unknown,718856167,718881381,25214,S,1,0,0
239,1,unknown,718890569,718915782,25213,S,1,0,0
240,1,unknown,718924970,718950183,25213,S,1,0,0
241,1,unknown,718959371,718984618,25247,S,1,0,0
242,1,unknown,718993806,719019052,25246,S,1,0,0
243,1,unknown,719028240,719053452,25212,S,1,0,0
244,1,unknown,719062640,719094910,32270,S,1,0,0
245,1,unknown,719104870,719130918,26048,S,1,0,0
246,1,unknown,719140372,719165584,25212,S,1,0,0
247,1,unknown,719175249,719200462,25213,S,1,0,0
248,1,unknown,719209650,719234874,25224,S,1,0,0
249,1,unknown,719244062,719269274,25212,S,1,0,0
250,1,unknown,719278462,719305145,26683,S,1,0,0
251,1,unknown,719314333,719339546,25213,S,1,0,0
252,1,unknown,719348734,719373960,25226,S,1,0,0
253,1,unknown,719383148,719408361,25213,S,1,0,0
254,1,unknown,719417549,719442762,25213,S,1,0,0
255,1,unknown,719451950,719478118,26168,S,1,0,0
256,1,unknown,719490160,719515373,25213,S,1,0,0
257,1,unknown,719524561,719552295,27734,S,1,0,0
258,1,unknown,719561483,719588198,26715,S,1,0,0
259,1,unknown,719597386,719622651,25265,S,1,0,0
260,1,unknown,719631783,719657042,25259,S,1,0,0
261,1,unknown,719666230,719691483,25253,S,1,0,0
262,1,unknown,719700671,719725941,25270,S,1,0,0
263,1,unknown,719735129,719760374,25245,S,1,0,0
264,1,unknown,719769562,719794865,25303,S,1,0,0
265,1,unknown,719804053,719829266,25213,S,1,0,0
266,1,unknown,719838454,719863667,25213,S,1,0,0
267,1,unknown,719872855,719898068,25213,S,1,0,0
268,1,unknown,719907256,719932473,25217,S,1,0,0
269,1,unknown,719941661,719968319,26658,S,1,0,0
270,1,unknown,719977507,720002721,25214,S,1,0,0
271,1,unknown,720011909,720037155,25246,S,1,0,0
272,1,unknown,720046343,720071556,25213,S,1,0,0
273,1,unknown,720092008,720135914,43906,S,1,0,0
274,1,unknown,720145875,720171088,25213,S,1,0,0
275,1,unknown,720180276,720205489,25213,S,1,0,0
276,1,unknown,720214677,720239889,25212,S,1,0,0
277,1,unknown,720249077,720274291,25214,S,1,0,0
278,1,unknown,720283479,720311611,28132,S,1,0,0
279,1,unknown,720320799,720346012,25213,S,1,0,0
280,1,unknown,720355200,720380412,25212,S,1,0,0
281,1,unknown,720389600,720414814,25214,S,1,0,0
282,1,unknown,720424002,720450672,26670,S,1,0,0
283,1,unknown,720459860,720485073,25213,S,1,0,0
284,1,unknown,720494261,720519473,25212,S,1,0,0
285,1,unknown,720528661,720553876,25215,S,1,0,0
286,1,unknown,720563064,720588276,25212,S,1,0,0
287,1,unknown,720597464,720623632,26168,S,1,0,0
288,1,unknown,720632820,720658033,25213,S,1,0,0
289,1,unknown,720667221,720692434,25213,S,1,0,0
290,1,unknown,720701622,720726835,25213,S,1,0,0
291,1,unknown,720736023,720761236,25213,S,1,0,0
292,1,unknown,720770424,720795637,25213,S,1,0,0
293,1,unknown,720804825,720830039,25214,S,1,0,0
294,1,unknown,720839227,720864440,25213,S,1,0,0
295,1,unknown,720873628,720900286,26658,S,1,0,0
296,1,unknown,720909474,720934687,25213,S,1,0,0
297,1,unknown,720943875,720969088,25213,S,1,0,0
298,1,unknown,720978276,721003490,25214,S,1,0,0
299,1,unknown,721012678,721037891,25213,S,1,0,0
300,1,unknown,721047079,721072292,25213,S,1,0,0
301,1,unknown,721087711,721113776,26065,S,1,0,0
302,1,unknown,721123737,721148949,25212,S,1,0,0
303,1,unknown,721158137,721183350,25213,S,1,0,0
304,1,unknown,721192538,721217750,25212,S,1,0,0
305,1,unknown,721226938,721252152,25214,S,1,0,0
306,1,unknown,721261340,721286553,25213,S,1,0,0
307,1,unknown,721295741,721320954,25213,S,1,0,0
308,1,unknown,721330142,721355354,25212,S,1,0,0
309,1,unknown,721364542,721391201,26659,S,1,0,0
310,1,unknown,721400389,721425601,25212,S,1,0,0
311,1,unknown,721434789,721460002,25213,S,1,0,0
312,1,unknown,721469134,721494347,25213,S,1,0,0
313,1,unknown,721503535,721528749,25214,S,1,0,0
314,1,unknown,721537937,721563150,25213,S,1,0,0
315,1,unknown,721572338,721597551,25213,S,1,0,0
316,1,unknown,721606739,721631953,25214,S,1,0,0
317,1,unknown,721641141,721666354,25213,S,1,0,0
318,1,unknown,721675542,721700755,25213,S,1,0,0
319,1,unknown,721709943,721736112,26169,S,1,0,0
320,1,unknown,721745300,721770512,25212,S,1,0,0
321,1,unknown,721779700,721804915,25215,S,1,0,0
322,1,unknown,721814103,721840760,26657,S,1,0,0
323,1,unknown,721849948,721875161,25213,S,1,0,0
324,1,unknown,721884349,721909562,25213,S,1,0,0
325,1,unknown,721918750,721943964,25214,S,1,0,0
326,1,unknown,721953152,721978364,25212,S,1,0,0
327,1,unknown,721987552,722012765,25213,S,1,0,0
328,1,unknown,722021953,722047165,25212,S,1,0,0
329,1,unknown,722056353,722085070,28717,S,1,0,0
330,1,unknown,722095530,722121575,26045,S,1,0,0
331,1,unknown,722130763,722156008,25245,S,1,0,0
332,1,unknown,722165196,722190410,25214,S,1,0,0
333,1,unknown,722199598,722224811,25213,S,1,0,0
334,1,unknown,722233999,722259211,25212,S,1,0,0
335,1,unknown,722268396,722293607,25211,S,1,0,0
336,1,unknown,722302791,722329447,26656,S,1,0,0
337,1,unknown,722338631,722363842,25211,S,1,0,0
338,1,unknown,722373027,722398238,25211,S,1,0,0
339,1,unknown,722407423,722432634,25211,S,1,0,0
340,1,unknown,722441818,722467030,25212,S,1,0,0
341,1,unknown,722479085,722504297,25212,S,1,0,0
342,1,unknown,722513482,722538693,25211,S,1,0,0
343,1,unknown,722547878,722573089,25211,S,1,0,0
344,1,unknown,722582273,722607485,25212,S,1,0,0
345,1,unknown,722616669,722641880,25211,S,1,0,0
346,1,unknown,722651065,722676276,25211,S,1,0,0
347,1,unknown,722685461,722710672,25211,S,1,0,0
348,1,unknown,722719856,722745068,25212,S,1,0,0
349,1,unknown,722754252,722780909,26657,S,1,0,0
350,1,unknown,722790093,722815305,25212,S,1,0,0
351,1,unknown,722824489,722850655,26166,S,1,0,0
352,1,unknown,722859839,722885051,25212,S,1,0,0
353,1,unknown,722894235,722919446,25211,S,1,0,0
354,1,unknown,722928631,722953842,25211,S,1,0,0
355,1,unknown,722963027,722988238,25211,S,1,0,0
356,1,unknown,722997422,723022634,25212,S,1,0,0
357,1,unknown,723031818,723057030,25212,S,1,0,0
358,1,unknown,723066214,723098435,32221,S,1,0,0
359,1,unknown,723108395,723133607,25212,S,1,0,0
360,1,unknown,723142795,723168009,25214,S,1,0,0
361,1,unknown,723177197,723202442,25245,S,1,0,0
362,1,unknown,723211630,723236844,25214,S,1,0,0
363,1,unknown,723246032,723272686,26654,S,1,0,0
364,1,unknown,723281874,723307086,25212,S,1,0,0
365,1,unknown,723316218,723341429,25211,S,1,0,0
366,1,unknown,723350617,723375826,25209,S,1,0,0
367,1,unknown,723385014,723410224,25210,S,1,0,0
368,1,unknown,723419412,723444621,25209,S,1,0,0
369,1,unknown,723453809,723479021,25212,S,1,0,0
370,1,unknown,723488209,723513418,25209,S,1,0,0
371,1,unknown,723522606,723550747,28141,S,1,0,0
372,1,unknown,723559935,723585145,25210,S,1,0,0
373,1,unknown,723594333,723619568,25235,S,1,0,0
374,1,unknown,723628756,723653967,25211,S,1,0,0
375,1,unknown,723663155,723688378,25223,S,1,0,0
376,1,unknown,723697566,723724222,26656,S,1,0,0
377,1,unknown,723733410,723758620,25210,S,1,0,0
378,1,unknown,723767808,723793019,25211,S,1,0,0
379,1,unknown,723802207,723827417,25210,S,1,0,0
380,1,unknown,723836605,723861816,25211,S,1,0,0
381,1,unknown,723871004,723896215,25211,S,1,0,0
382,1,unknown,723905403,723930613,25210,S,1,0,0
383,1,unknown,723939801,723965966,26165,S,1,0,0
384,1,unknown,723975154,724000365,25211,S,1,0,0
385,1,unknown,724009553,724034762,25209,S,1,0,0
386,1,unknown,724043950,724069162,25212,S,1,0,0
387,1,unknown,724084506,724110550,26044,S,1,0,0
388,1,unknown,724120510,724145720,25210,S,1,0,0
389,1,unknown,724154908,724180118,25210,S,1,0,0
390,1,unknown,724189306,724215962,26656,S,1,0,0
391,1,unknown,724225150,724250393,25243,S,1,0,0
392,1,unknown,724259581,724284791,25210,S,1,0,0
393,1,unknown,724293979,724319188,25209,S,1,0,0
394,1,unknown,724328376,724353588,25212,S,1,0,0
395,1,unknown,724362776,724387985,25209,S,1,0,0
396,1,unknown,724397173,724422385,25212,S,1,0,0
397,1,unknown,724431573,724456782,25209,S,1,0,0
398,1,unknown,724465970,724491182,25212,S,1,0,0
399,1,unknown,724500370,724525579,25209,S,1,0,0
400,1,unknown,724534767,724559979,25212,S,1,0,0
401,1,unknown,724569167,724594377,25210,S,1,0,0
402,1,unknown,724603565,724628776,25211,S,1,0,0
403,1,unknown,724637964,724665623,27659,S,1,0,0
404,1,unknown,724674811,724700022,25211,S,1,0,0
405,1,unknown,724709210,724734419,25209,S,1,0,0
406,1,unknown,724743607,724768819,25212,S,1,0,0
407,1,unknown,724778007,724803216,25209,S,1,0,0
408,1,unknown,724812404,724837616,25212,S,1,0,0
409,1,unknown,724846804,724872013,25209,S,1,0,0
410,1,unknown,724881201,724906413,25212,S,1,0,0
411,1,unknown,724915601,724940810,25209,S,1,0,0
412,1,unknown,724949998,724975210,25212,S,1,0,0
413,1,unknown,724984398,725009608,25210,S,1,0,0
414,1,unknown,725018796,725044007,25211,S,1,0,0
415,1,unknown,725053195,725084290,31095,S,1,0,0
416,1,unknown,725094250,725120295,26045,S,1,0,0
417,1,unknown,725129481,725156137,26656,S,1,0,0
418,1,unknown,725165325,725190536,25211,S,1,0,0
419,1,unknown,725199724,725224934,25210,S,1,0,0
420,1,unknown,725234122,725259333,25211,S,1,0,0
421,1,unknown,725268521,725293765,25244,S,1,0,0
422,1,unknown,725302953,725328163,25210,S,1,0,0
423,1,unknown,725337351,725362562,25211,S,1,0,0
424,1,unknown,725371750,725396960,25210,S,1,0,0
425,1,unknown,725406148,725431358,25210,S,1,0,0
426,1,unknown,725440546,725465757,25211,S,1,0,0
427,1,unknown,725477795,725503005,25210,S,1,0,0
428,1,unknown,725512193,725537403,25210,S,1,0,0
429,1,unknown,725546591,725571801,25210,S,1,0,0
430,1,unknown,725580989,725607647,26658,S,1,0,0
431,1,unknown,725616835,725642046,25211,S,1,0,0
432,1,unknown,725651234,725676444,25210,S,1,0,0
433,1,unknown,725685632,725710843,25211,S,1,0,0
434,1,unknown,725720031,725745241,25210,S,1,0,0
435,1,unknown,725754429,725779639,25210,S,1,0,0
436,1,unknown,725788827,725814037,25210,S,1,0,0
437,1,unknown,725823225,725848435,25210,S,1,0,0
438,1,unknown,725857623,725882834,25211,S,1,0,0
439,1,unknown,725892022,725917232,25210,S,1,0,0
440,1,unknown,725926420,725951631,25211,S,1,0,0
441,1,unknown,725960819,725986029,25210,S,1,0,0
442,1,unknown,725995217,726020428,25211,S,1,0,0
443,1,unknown,726029616,726054826,25210,S,1,0,0
444,1,unknown,726064014,726096612,32598,S,1,0,0
445,1,unknown,726106573,726132616,26043,S,1,0,0
446,1,unknown,726141804,726167016,25212,S,1,0,0
447,1,unknown,726176918,726203083,26165,S,1,0,0
448,1,unknown,726212271,726237482,25211,S,1,0,0
449,1,unknown,726246670,726271880,25210,S,1,0,0
450,1,unknown,726281068,726306279,25211,S,1,0,0
451,1,unknown,726315467,726340742,25275,S,1,0,0
452,1,unknown,726349930,726375141,25211,S,1,0,0
453,1,unknown,726384329,726409538,25209,S,1,0,0
454,1,unknown,726418726,726443938,25212,S,1,0,0
455,1,unknown,726453126,726478335,25209,S,1,0,0
456,1,unknown,726487523,726512735,25212,S,1,0,0
457,1,unknown,726521923,726548577,26654,S,1,0,0
458,1,unknown,726557765,726582977,25212,S,1,0,0
459,1,unknown,726592165,726617374,25209,S,1,0,0
460,1,unknown,726626562,726651774,25212,S,1,0,0
461,1,unknown,726660962,726686172,25210,S,1,0,0
462,1,unknown,726695360,726720571,25211,S,1,0,0
463,1,unknown,726729759,726754969,25210,S,1,0,0
464,1,unknown,726764157,726792278,28121,S,1,0,0
465,1,unknown,726801466,726826676,25210,S,1,0,0
466,1,unknown,726835864,726861075,25211,S,1,0,0
467,1,unknown,726870263,726895473,25210,S,1,0,0
468,1,unknown,726904661,726929872,25211,S,1,0,0
469,1,unknown,726939060,726964270,25210,S,1,0,0
470,1,unknown,726973403,726998613,25210,S,1,0,0
471,1,unknown,727007801,727034456,26655,S,1,0,0
472,1,unknown,727043644,727068854,25210,S,1,0,0
473,1,unknown,727078042,727105443,27401,S,1,0,0
474,1,unknown,727115404,727140615,25211,S,1,0,0
475,1,unknown,727149803,727175013,25210,S,1,0,0
476,1,unknown,727184201,727209412,25211,S,1,0,0
477,1,unknown,727218600,727243811,25211,S,1,0,0
478,1,unknown,727252999,727278207,25208,S,1,0,0
479,1,unknown,727287391,727313554,26163,S,1,0,0
480,1,unknown,727322739,727347948,25209,S,1,0,0
481,1,unknown,727357132,727382374,25242,S,1,0,0
482,1,unknown,727391558,727416768,25210,S,1,0,0
483,1,unknown,727425953,727451161,25208,S,1,0,0
484,1,unknown,727460346,727487000,26654,S,1,0,0
485,1,unknown,727496184,727521394,25210,S,1,0,0
486,1,unknown,727530578,727555787,25209,S,1,0,0
487,1,unknown,727564971,727590180,25209,S,1,0,0
488,1,unknown,727599365,727624573,25208,S,1,0,0
489,1,unknown,727633758,727658967,25209,S,1,0,0
490,1,unknown,727668152,727693360,25208,S,1,0,0
491,1,unknown,727702544,727727752,25208,S,1,0,0
492,1,unknown,727736936,727762144,25208,S,1,0,0
493,1,unknown,727771329,727796537,25208,S,1,0,0
494,1,unknown,727805722,727830941,25219,S,1,0,0
495,1,unknown,727840126,727865334,25208,S,1,0,0
496,1,unknown,727874518,727899751,25233,S,1,0,0
497,1,unknown,727908935,727934147,25212,S,1,0,0
498,1,unknown,727943332,727969998,26666,S,1,0,0
499,1,unknown,727979183,728004392,25209,S,1,0,0
0,1,unknown,0,710425039,710425039,S,1,0,0
1,1,unknown,0,710585406,710585406,S,1,0,0
2,1,unknown,0,710620030,710620030,S,1,0,0
3,1,unknown,0,710654614,710654614,S,1,0,0
4,1,unknown,0,710690092,710690092,S,1,0,0
5,1,unknown,0,710724676,710724676,S,1,0,0
6,1,unknown,0,710760692,710760692,S,1,0,0
7,1,unknown,0,710796709,710796709,S,1,0,0
8,1,unknown,0,710831280,710831280,S,1,0,0
9,1,unknown,0,710866755,710866755,S,1,0,0
10,1,unknown,0,710901326,710901326,S,1,0,0
11,1,unknown,0,710935857,710935857,S,1,0,0
12,1,unknown,0,710970386,710970386,S,1,0,0
13,1,unknown,0,711004680,711004680,S,1,0,0
14,1,unknown,0,711040085,711040085,S,1,0,0
15,1,unknown,0,711074381,711074381,S,1,0,0
16,1,unknown,0,711113652,711113652,S,1,0,0
17,1,unknown,0,711147948,711147948,S,1,0,0
18,1,unknown,0,711182244,711182244,S,1,0,0
19,1,unknown,0,711216538,711216538,S,1,0,0
20,1,unknown,0,711252278,711252278,S,1,0,0
21,1,unknown,0,711286574,711286574,S,1,0,0
22,1,unknown,0,711321320,711321320,S,1,0,0
23,1,unknown,0,711355614,711355614,S,1,0,0
24,1,unknown,0,711389908,711389908,S,1,0,0
25,1,unknown,0,711424204,711424204,S,1,0,0
26,1,unknown,0,711458950,711458950,S,1,0,0
27,1,unknown,0,711493696,711493696,S,1,0,0
28,1,unknown,0,711527990,711527990,S,1,0,0
29,1,unknown,0,711562286,711562286,S,1,0,0
30,1,unknown,0,711596842,711596842,S,1,0,0
31,1,unknown,0,711632339,711632339,S,1,0,0
32,1,unknown,0,711669872,711669872,S,1,0,0
33,1,unknown,0,711704166,711704166,S,1,0,0
34,1,unknown,0,711738461,711738461,S,1,0,0
35,1,unknown,0,711772991,711772991,S,1,0,0
36,1,unknown,0,711807737,711807737,S,1,0,0
37,1,unknown,0,711842718,711842718,S,1,0,0
38,1,unknown,0,711877013,711877013,S,1,0,0
39,1,unknown,0,711911308,711911308,S,1,0,0
40,1,unknown,0,711945602,711945602,S,1,0,0
41,1,unknown,0,711980349,711980349,S,1,0,0
42,1,unknown,0,712015391,712015391,S,1,0,0
43,1,unknown,0,712049686,712049686,S,1,0,0
44,1,unknown,0,712083980,712083980,S,1,0,0
45,1,unknown,0,712122662,712122662,S,1,0,0
46,1,unknown,0,712156951,712156951,S,1,0,0
47,1,unknown,0,712191693,712191693,S,1,0,0
48,1,unknown,0,712226574,712226574,S,1,0,0
49,1,unknown,0,712260864,712260864,S,1,0,0
50,1,unknown,0,712295153,712295153,S,1,0,0
51,1,unknown,0,712329738,712329738,S,1,0,0
52,1,unknown,0,712364712,712364712,S,1,0,0
53,1,unknown,0,712399002,712399002,S,1,0,0
54,1,unknown,0,712433291,712433291,S,1,0,0
55,1,unknown,0,712467581,712467581,S,1,0,0
56,1,unknown,0,712501870,712501870,S,1,0,0
57,1,unknown,0,712536612,712536612,S,1,0,0
58,1,unknown,0,712570901,712570901,S,1,0,0
59,1,unknown,0,712606934,712606934,S,1,0,0
60,1,unknown,0,712641922,712641922,S,1,0,0
61,1,unknown,0,712676211,712676211,S,1,0,0
62,1,unknown,0,712711474,712711474,S,1,0,0
63,1,unknown,0,712746473,712746473,S,1,0,0
64,1,unknown,0,712781240,712781240,S,1,0,0
65,1,unknown,0,712815529,712815529,S,1,0,0
66,1,unknown,0,712850115,712850115,S,1,0,0
67,1,unknown,0,712885604,712885604,S,1,0,0
68,1,unknown,0,712919893,712919893,S,1,0,0
69,1,unknown,0,712955627,712955627,S,1,0,0
70,1,unknown,0,712989917,712989917,S,1,0,0
71,1,unknown,0,713024205,713024205,S,1,0,0
72,1,unknown,0,713059634,713059634,S,1,0,0
73,1,unknown,0,713098768,713098768,S,1,0,0
74,1,unknown,0,713133896,713133896,S,1,0,0
75,1,unknown,0,713168191,713168191,S,1,0,0
76,1,unknown,0,713202485,713202485,S,1,0,0
77,1,unknown,0,713236780,713236780,S,1,0,0
78,1,unknown,0,713271074,713271074,S,1,0,0
79,1,unknown,0,713305368,713305368,S,1,0,0
80,1,unknown,0,713339662,713339662,S,1,0,0
81,1,unknown,0,713373956,713373956,S,1,0,0
82,1,unknown,0,713409931,713409931,S,1,0,0
83,1,unknown,0,713444461,713444461,S,1,0,0
84,1,unknown,0,713478755,713478755,S,1,0,0
85,1,unknown,0,713516003,713516003,S,1,0,0
86,1,unknown,0,713550308,713550308,S,1,0,0
87,1,unknown,0,713584614,713584614,S,1,0,0
88,1,unknown,0,713618919,713618919,S,1,0,0
89,1,unknown,0,713653226,713653226,S,1,0,0
90,1,unknown,0,713687531,713687531,S,1,0,0
91,1,unknown,0,713722132,713722132,S,1,0,0
92,1,unknown,0,713756503,713756503,S,1,0,0
93,1,unknown,0,713794214,713794214,S,1,0,0
94,1,unknown,0,713828530,713828530,S,1,0,0
95,1,unknown,0,713863324,713863324,S,1,0,0
96,1,unknown,0,713899564,713899564,S,1,0,0
97,1,unknown,0,713933880,713933880,S,1,0,0
98,1,unknown,0,713968649,713968649,S,1,0,0
99,1,unknown,0,714003261,714003261,S,1,0,0
100,1,unknown,0,714037578,714037578,S,1,0,0
101,1,unknown,0,714071976,714071976,S,1,0,0
102,1,unknown,0,714118358,714118358,S,1,0,0
103,1,unknown,0,714153825,714153825,S,1,0,0
104,1,unknown,0,714188223,714188223,S,1,0,0
105,1,unknown,0,714222621,714222621,S,1,0,0
106,1,unknown,0,714257472,714257472,S,1,0,0
107,1,unknown,0,714291870,714291870,S,1,0,0
108,1,unknown,0,714326269,714326269,S,1,0,0
109,1,unknown,0,714362112,714362112,S,1,0,0
110,1,unknown,0,714396511,714396511,S,1,0,0
111,1,unknown,0,714431596,714431596,S,1,0,0
112,1,unknown,0,714465994,714465994,S,1,0,0
113,1,unknown,0,714500393,714500393,S,1,0,0
114,1,unknown,0,714534791,714534791,S,1,0,0
115,1,unknown,0,714569189,714569189,S,1,0,0
116,1,unknown,0,714604039,714604039,S,1,0,0
117,1,unknown,0,714638438,714638438,S,1,0,0
118,1,unknown,0,714672836,714672836,S,1,0,0
119,1,unknown,0,714707469,714707469,S,1,0,0
120,1,unknown,0,714741867,714741867,S,1,0,0
121,1,unknown,0,714776716,714776716,S,1,0,0
122,1,unknown,0,714811148,714811148,S,1,0,0
123,1,unknown,0,714846991,714846991,S,1,0,0
124,1,unknown,0,714881390,714881390,S,1,0,0
125,1,unknown,0,714915788,714915788,S,1,0,0
126,1,unknown,0,714950649,714950649,S,1,0,0
127,1,unknown,0,714985771,714985771,S,1,0,0
128,1,unknown,0,715021951,715021951,S,1,0,0
129,1,unknown,0,715056366,715056366,S,1,0,0
130,1,unknown,0,715103831,715103831,S,1,0,0
131,1,unknown,0,715139835,715139835,S,1,0,0
132,1,unknown,0,715174233,715174233,S,1,0,0
133,1,unknown,0,715208631,715208631,S,1,0,0
134,1,unknown,0,715243029,715243029,S,1,0,0
135,1,unknown,0,715277428,715277428,S,1,0,0
136,1,unknown,0,715311826,715311826,S,1,0,0
137,1,unknown,0,715346225,715346225,S,1,0,0
138,1,unknown,0,715380623,715380623,S,1,0,0
139,1,unknown,0,715415022,715415022,S,1,0,0
140,1,unknown,0,715449420,715449420,S,1,0,0
141,1,unknown,0,715483819,715483819,S,1,0,0
142,1,unknown,0,715518218,715518218,S,1,0,0
143,1,unknown,0,715556232,715556232,S,1,0,0
144,1,unknown,0,715590640,715590640,S,1,0,0
145,1,unknown,0,715625048,715625048,S,1,0,0
146,1,unknown,0,715659456,715659456,S,1,0,0
147,1,unknown,0,715693864,715693864,S,1,0,0
148,1,unknown,0,715728271,715728271,S,1,0,0
149,1,unknown,0,715762679,715762679,S,1,0,0
150,1,unknown,0,715797087,715797087,S,1,0,0
151,1,unknown,0,715831495,715831495,S,1,0,0
152,1,unknown,0,715865936,715865936,S,1,0,0
153,1,unknown,0,715900344,715900344,S,1,0,0
154,1,unknown,0,715934752,715934752,S,1,0,0
155,1,unknown,0,715969104,715969104,S,1,0,0
156,1,unknown,0,716003513,716003513,S,1,0,0
157,1,unknown,0,716039370,716039370,S,1,0,0
158,1,unknown,0,716073771,716073771,S,1,0,0
159,1,unknown,0,716115326,716115326,S,1,0,0
160,1,unknown,0,716151038,716151038,S,1,0,0
161,1,unknown,0,716185439,716185439,S,1,0,0
162,1,unknown,0,716219840,716219840,S,1,0,0
163,1,unknown,0,716254241,716254241,S,1,0,0
164,1,unknown,0,716288642,716288642,S,1,0,0
165,1,unknown,0,716323044,716323044,S,1,0,0
166,1,unknown,0,716357445,716357445,S,1,0,0
167,1,unknown,0,716391846,716391846,S,1,0,0
168,1,unknown,0,716426247,716426247,S,1,0,0
169,1,unknown,0,716460648,716460648,S,1,0,0
170,1,unknown,0,716496494,716496494,S,1,0,0
171,1,unknown,0,716533746,716533746,S,1,0,0
172,1,unknown,0,716568147,716568147,S,1,0,0
173,1,unknown,0,716602548,716602548,S,1,0,0
174,1,unknown,0,716636950,716636950,S,1,0,0
175,1,unknown,0,716671351,716671351,S,1,0,0
176,1,unknown,0,716705752,716705752,S,1,0,0
177,1,unknown,0,716740153,716740153,S,1,0,0
178,1,unknown,0,716774554,716774554,S,1,0,0
179,1,unknown,0,716808955,716808955,S,1,0,0
180,1,unknown,0,716843356,716843356,S,1,0,0
181,1,unknown,0,716877758,716877758,S,1,0,0
182,1,unknown,0,716912192,716912192,S,1,0,0
183,1,unknown,0,716948041,716948041,S,1,0,0
184,1,unknown,0,716982442,716982442,S,1,0,0
185,1,unknown,0,717016842,717016842,S,1,0,0
186,1,unknown,0,717054158,717054158,S,1,0,0
187,1,unknown,0,717094536,717094536,S,1,0,0
188,1,unknown,0,717130543,717130543,S,1,0,0
189,1,unknown,0,717164944,717164944,S,1,0,0
190,1,unknown,0,717199345,717199345,S,1,0,0
191,1,unknown,0,717234224,717234224,S,1,0,0
192,1,unknown,0,717269102,717269102,S,1,0,0
193,1,unknown,0,717303503,717303503,S,1,0,0
194,1,unknown,0,717337905,717337905,S,1,0,0
195,1,unknown,0,717372306,717372306,S,1,0,0
196,1,unknown,0,717406707,717406707,S,1,0,0
197,1,unknown,0,717442548,717442548,S,1,0,0
198,1,unknown,0,717476944,717476944,S,1,0,0
199,1,unknown,0,717511339,717511339,S,1,0,0
200,1,unknown,0,717545735,717545735,S,1,0,0
201,1,unknown,0,717580132,717580132,S,1,0,0
202,1,unknown,0,717614528,717614528,S,1,0,0
203,1,unknown,0,717648923,717648923,S,1,0,0
204,1,unknown,0,717683318,717683318,S,1,0,0
205,1,unknown,0,717717714,717717714,S,1,0,0
206,1,unknown,0,717752110,717752110,S,1,0,0
207,1,unknown,0,717786451,717786451,S,1,0,0
208,1,unknown,0,717820847,717820847,S,1,0,0
209,1,unknown,0,717855243,717855243,S,1,0,0
210,1,unknown,0,717891085,717891085,S,1,0,0
211,1,unknown,0,717925480,717925480,S,1,0,0
212,1,unknown,0,717959908,717959908,S,1,0,0
213,1,unknown,0,717994304,717994304,S,1,0,0
214,1,unknown,0,718028700,718028700,S,1,0,0
215,1,unknown,0,718063095,718063095,S,1,0,0
216,1,unknown,0,718103668,718103668,S,1,0,0
217,1,unknown,0,718138903,718138903,S,1,0,0
218,1,unknown,0,718173305,718173305,S,1,0,0
219,1,unknown,0,718207706,718207706,S,1,0,0
220,1,unknown,0,718242107,718242107,S,1,0,0
221,1,unknown,0,718276508,718276508,S,1,0,0
222,1,unknown,0,718310909,718310909,S,1,0,0
223,1,unknown,0,718345788,718345788,S,1,0,0
224,1,unknown,0,718382111,718382111,S,1,0,0
225,1,unknown,0,718416512,718416512,S,1,0,0
226,1,unknown,0,718450914,718450914,S,1,0,0
227,1,unknown,0,718485315,718485315,S,1,0,0
228,1,unknown,0,718519716,718519716,S,1,0,0
229,1,unknown,0,718554117,718554117,S,1,0,0
230,1,unknown,0,718588518,718588518,S,1,0,0
231,1,unknown,0,718622919,718622919,S,1,0,0
232,1,unknown,0,718657320,718657320,S,1,0,0
233,1,unknown,0,718691722,718691722,S,1,0,0
234,1,unknown,0,718726123,718726123,S,1,0,0
235,1,unknown,0,718760524,718760524,S,1,0,0
236,1,unknown,0,718794925,718794925,S,1,0,0
237,1,unknown,0,718830771,718830771,S,1,0,0
238,1,unknown,0,718865172,718865172,S,1,0,0
239,1,unknown,0,718899574,718899574,S,1,0,0
240,1,unknown,0,718933975,718933975,S,1,0,0
241,1,unknown,0,718968376,718968376,S,1,0,0
242,1,unknown,0,719002844,719002844,S,1,0,0
243,1,unknown,0,719037245,719037245,S,1,0,0
244,1,unknown,0,719071646,719071646,S,1,0,0
245,1,unknown,0,719113876,719113876,S,1,0,0
246,1,unknown,0,719149377,719149377,S,1,0,0
247,1,unknown,0,719184254,719184254,S,1,0,0
248,1,unknown,0,719218655,719218655,S,1,0,0
249,1,unknown,0,719253067,719253067,S,1,0,0
250,1,unknown,0,719287478,719287478,S,1,0,0
251,1,unknown,0,719323338,719323338,S,1,0,0
252,1,unknown,0,719357752,719357752,S,1,0,0
253,1,unknown,0,719392153,719392153,S,1,0,0
254,1,unknown,0,719426554,719426554,S,1,0,0
255,1,unknown,0,719461432,719461432,S,1,0,0
256,1,unknown,0,719499165,719499165,S,1,0,0
257,1,unknown,0,719533566,719533566,S,1,0,0
258,1,unknown,0,719570488,719570488,S,1,0,0
259,1,unknown,0,719606391,719606391,S,1,0,0
260,1,unknown,0,719640788,719640788,S,1,0,0
261,1,unknown,0,719675235,719675235,S,1,0,0
262,1,unknown,0,719709676,719709676,S,1,0,0
263,1,unknown,0,719744134,719744134,S,1,0,0
264,1,unknown,0,719778567,719778567,S,1,0,0
265,1,unknown,0,719813058,719813058,S,1,0,0
266,1,unknown,0,719847459,719847459,S,1,0,0
267,1,unknown,0,719881860,719881860,S,1,0,0
268,1,unknown,0,719916261,719916261,S,1,0,0
269,1,unknown,0,719950666,719950666,S,1,0,0
270,1,unknown,0,719986512,719986512,S,1,0,0
271,1,unknown,0,720020914,720020914,S,1,0,0
272,1,unknown,0,720055348,720055348,S,1,0,0
273,1,unknown,0,720118873,720118873,S,1,0,0
274,1,unknown,0,720154880,720154880,S,1,0,0
275,1,unknown,0,720189281,720189281,S,1,0,0
276,1,unknown,0,720223682,720223682,S,1,0,0
277,1,unknown,0,720258083,720258083,S,1,0,0
278,1,unknown,0,720292484,720292484,S,1,0,0
279,1,unknown,0,720329804,720329804,S,1,0,0
280,1,unknown,0,720364205,720364205,S,1,0,0
281,1,unknown,0,720398606,720398606,S,1,0,0
282,1,unknown,0,720433007,720433007,S,1,0,0
283,1,unknown,0,720468865,720468865,S,1,0,0
284,1,unknown,0,720503266,720503266,S,1,0,0
285,1,unknown,0,720537667,720537667,S,1,0,0
286,1,unknown,0,720572069,720572069,S,1,0,0
287,1,unknown,0,720606947,720606947,S,1,0,0
288,1,unknown,0,720641825,720641825,S,1,0,0
289,1,unknown,0,720676226,720676226,S,1,0,0
290,1,unknown,0,720710627,720710627,S,1,0,0
291,1,unknown,0,720745028,720745028,S,1,0,0
292,1,unknown,0,720779429,720779429,S,1,0,0
293,1,unknown,0,720813830,720813830,S,1,0,0
294,1,unknown,0,720848232,720848232,S,1,0,0
295,1,unknown,0,720882633,720882633,S,1,0,0
296,1,unknown,0,720918479,720918479,S,1,0,0
297,1,unknown,0,720952880,720952880,S,1,0,0
298,1,unknown,0,720987281,720987281,S,1,0,0
299,1,unknown,0,721021683,721021683,S,1,0,0
300,1,unknown,0,721056084,721056084,S,1,0,0
301,1,unknown,0,721096734,721096734,S,1,0,0
302,1,unknown,0,721132742,721132742,S,1,0,0
303,1,unknown,0,721167142,721167142,S,1,0,0
304,1,unknown,0,721201543,721201543,S,1,0,0
305,1,unknown,0,721235944,721235944,S,1,0,0
306,1,unknown,0,721270345,721270345,S,1,0,0
307,1,unknown,0,721304746,721304746,S,1,0,0
308,1,unknown,0,721339147,721339147,S,1,0,0
309,1,unknown,0,721373548,721373548,S,1,0,0
310,1,unknown,0,721409394,721409394,S,1,0,0
311,1,unknown,0,721443794,721443794,S,1,0,0
312,1,unknown,0,721478139,721478139,S,1,0,0
313,1,unknown,0,721512540,721512540,S,1,0,0
314,1,unknown,0,721546942,721546942,S,1,0,0
315,1,unknown,0,721581343,721581343,S,1,0,0
316,1,unknown,0,721615744,721615744,S,1,0,0
317,1,unknown,0,721650146,721650146,S,1,0,0
318,1,unknown,0,721684547,721684547,S,1,0,0
319,1,unknown,0,721719426,721719426,S,1,0,0
320,1,unknown,0,721754305,721754305,S,1,0,0
321,1,unknown,0,721788706,721788706,S,1,0,0
322,1,unknown,0,721823108,721823108,S,1,0,0
323,1,unknown,0,721858953,721858953,S,1,0,0
324,1,unknown,0,721893354,721893354,S,1,0,0
325,1,unknown,0,721927756,721927756,S,1,0,0
326,1,unknown,0,721962157,721962157,S,1,0,0
327,1,unknown,0,721996557,721996557,S,1,0,0
328,1,unknown,0,722030958,722030958,S,1,0,0
329,1,unknown,0,722065359,722065359,S,1,0,0
330,1,unknown,0,722104535,722104535,S,1,0,0
331,1,unknown,0,722139801,722139801,S,1,0,0
332,1,unknown,0,722174202,722174202,S,1,0,0
333,1,unknown,0,722208603,722208603,S,1,0,0
334,1,unknown,0,722243004,722243004,S,1,0,0
335,1,unknown,0,722277401,722277401,S,1,0,0
336,1,unknown,0,722311796,722311796,S,1,0,0
337,1,unknown,0,722347636,722347636,S,1,0,0
338,1,unknown,0,722382032,722382032,S,1,0,0
339,1,unknown,0,722416428,722416428,S,1,0,0
340,1,unknown,0,722450824,722450824,S,1,0,0
341,1,unknown,0,722488090,722488090,S,1,0,0
342,1,unknown,0,722522487,722522487,S,1,0,0
343,1,unknown,0,722556883,722556883,S,1,0,0
344,1,unknown,0,722591278,722591278,S,1,0,0
345,1,unknown,0,722625674,722625674,S,1,0,0
346,1,unknown,0,722660070,722660070,S,1,0,0
347,1,unknown,0,722694466,722694466,S,1,0,0
348,1,unknown,0,722728862,722728862,S,1,0,0
349,1,unknown,0,722763258,722763258,S,1,0,0
350,1,unknown,0,722799098,722799098,S,1,0,0
351,1,unknown,0,722833971,722833971,S,1,0,0
352,1,unknown,0,722868844,722868844,S,1,0,0
353,1,unknown,0,722903240,722903240,S,1,0,0
354,1,unknown,0,722937636,722937636,S,1,0,0
355,1,unknown,0,722972032,722972032,S,1,0,0
356,1,unknown,0,723006428,723006428,S,1,0,0
357,1,unknown,0,723040824,723040824,S,1,0,0
358,1,unknown,0,723075219,723075219,S,1,0,0
359,1,unknown,0,723117400,723117400,S,1,0,0
360,1,unknown,0,723151801,723151801,S,1,0,0
361,1,unknown,0,723186235,723186235,S,1,0,0
362,1,unknown,0,723220636,723220636,S,1,0,0
363,1,unknown,0,723255037,723255037,S,1,0,0
364,1,unknown,0,723290880,723290880,S,1,0,0
365,1,unknown,0,723325224,723325224,S,1,0,0
366,1,unknown,0,723359622,723359622,S,1,0,0
367,1,unknown,0,723394019,723394019,S,1,0,0
368,1,unknown,0,723428417,723428417,S,1,0,0
369,1,unknown,0,723462815,723462815,S,1,0,0
370,1,unknown,0,723497214,723497214,S,1,0,0
371,1,unknown,0,723531611,723531611,S,1,0,0
372,1,unknown,0,723568940,723568940,S,1,0,0
373,1,unknown,0,723603350,723603350,S,1,0,0
374,1,unknown,0,723637761,723637761,S,1,0,0
375,1,unknown,0,723672173,723672173,S,1,0,0
376,1,unknown,0,723706571,723706571,S,1,0,0
377,1,unknown,0,723742415,723742415,S,1,0,0
378,1,unknown,0,723776813,723776813,S,1,0,0
379,1,unknown,0,723811212,723811212,S,1,0,0
380,1,unknown,0,723845610,723845610,S,1,0,0
381,1,unknown,0,723880009,723880009,S,1,0,0
382,1,unknown,0,723914408,723914408,S,1,0,0
383,1,unknown,0,723949284,723949284,S,1,0,0
384,1,unknown,0,723984159,723984159,S,1,0,0
385,1,unknown,0,724018558,724018558,S,1,0,0
386,1,unknown,0,724052956,724052956,S,1,0,0
387,1,unknown,0,724093511,724093511,S,1,0,0
388,1,unknown,0,724129515,724129515,S,1,0,0
389,1,unknown,0,724163913,724163913,S,1,0,0
390,1,unknown,0,724198312,724198312,S,1,0,0
391,1,unknown,0,724234188,724234188,S,1,0,0
392,1,unknown,0,724268586,724268586,S,1,0,0
393,1,unknown,0,724302984,724302984,S,1,0,0
394,1,unknown,0,724337382,724337382,S,1,0,0
395,1,unknown,0,724371781,724371781,S,1,0,0
396,1,unknown,0,724406179,724406179,S,1,0,0
397,1,unknown,0,724440578,724440578,S,1,0,0
398,1,unknown,0,724474976,724474976,S,1,0,0
399,1,unknown,0,724509375,724509375,S,1,0,0
400,1,unknown,0,724543773,724543773,S,1,0,0
401,1,unknown,0,724578172,724578172,S,1,0,0
402,1,unknown,0,724612571,724612571,S,1,0,0
403,1,unknown,0,724646969,724646969,S,1,0,0
404,1,unknown,0,724683817,724683817,S,1,0,0
405,1,unknown,0,724718215,724718215,S,1,0,0
406,1,unknown,0,724752613,724752613,S,1,0,0
407,1,unknown,0,724787012,724787012,S,1,0,0
408,1,unknown,0,724821410,724821410,S,1,0,0
409,1,unknown,0,724855809,724855809,S,1,0,0
410,1,unknown,0,724890207,724890207,S,1,0,0
411,1,unknown,0,724924606,724924606,S,1,0,0
412,1,unknown,0,724959004,724959004,S,1,0,0
413,1,unknown,0,724993403,724993403,S,1,0,0
414,1,unknown,0,725027802,725027802,S,1,0,0
415,1,unknown,0,725062678,725062678,S,1,0,0
416,1,unknown,0,725103256,725103256,S,1,0,0
417,1,unknown,0,725138487,725138487,S,1,0,0
418,1,unknown,0,725174330,725174330,S,1,0,0
419,1,unknown,0,725208729,725208729,S,1,0,0
420,1,unknown,0,725243127,725243127,S,1,0,0
421,1,unknown,0,725277559,725277559,S,1,0,0
422,1,unknown,0,725311958,725311958,S,1,0,0
423,1,unknown,0,725346356,725346356,S,1,0,0
424,1,unknown,0,725380755,725380755,S,1,0,0
425,1,unknown,0,725415153,725415153,S,1,0,0
426,1,unknown,0,725449552,725449552,S,1,0,0
427,1,unknown,0,725486800,725486800,S,1,0,0
428,1,unknown,0,725521198,725521198,S,1,0,0
429,1,unknown,0,725555596,725555596,S,1,0,0
430,1,unknown,0,725589994,725589994,S,1,0,0
431,1,unknown,0,725625840,725625840,S,1,0,0
432,1,unknown,0,725660239,725660239,S,1,0,0
433,1,unknown,0,725694637,725694637,S,1,0,0
434,1,unknown,0,725729036,725729036,S,1,0,0
435,1,unknown,0,725763434,725763434,S,1,0,0
436,1,unknown,0,725797832,725797832,S,1,0,0
437,1,unknown,0,725832230,725832230,S,1,0,0
438,1,unknown,0,725866628,725866628,S,1,0,0
439,1,unknown,0,725901027,725901027,S,1,0,0
440,1,unknown,0,725935425,725935425,S,1,0,0
441,1,unknown,0,725969824,725969824,S,1,0,0
442,1,unknown,0,726004222,726004222,S,1,0,0
443,1,unknown,0,726038621,726038621,S,1,0,0
444,1,unknown,0,726073019,726073019,S,1,0,0
445,1,unknown,0,726115578,726115578,S,1,0,0
446,1,unknown,0,726150810,726150810,S,1,0,0
447,1,unknown,0,726186400,726186400,S,1,0,0
448,1,unknown,0,726221277,726221277,S,1,0,0
449,1,unknown,0,726255675,726255675,S,1,0,0
450,1,unknown,0,726290074,726290074,S,1,0,0
451,1,unknown,0,726324505,726324505,S,1,0,0
452,1,unknown,0,726358936,726358936,S,1,0,0
453,1,unknown,0,726393334,726393334,S,1,0,0
454,1,unknown,0,726427732,726427732,S,1,0,0
455,1,unknown,0,726462131,726462131,S,1,0,0
456,1,unknown,0,726496529,726496529,S,1,0,0
457,1,unknown,0,726530928,726530928,S,1,0,0
458,1,unknown,0,726566771,726566771,S,1,0,0
459,1,unknown,0,726601170,726601170,S,1,0,0
460,1,unknown,0,726635568,726635568,S,1,0,0
461,1,unknown,0,726669967,726669967,S,1,0,0
462,1,unknown,0,726704366,726704366,S,1,0,0
463,1,unknown,0,726738764,726738764,S,1,0,0
464,1,unknown,0,726773163,726773163,S,1,0,0
465,1,unknown,0,726810471,726810471,S,1,0,0
466,1,unknown,0,726844870,726844870,S,1,0,0
467,1,unknown,0,726879268,726879268,S,1,0,0
468,1,unknown,0,726913667,726913667,S,1,0,0
469,1,unknown,0,726948065,726948065,S,1,0,0
470,1,unknown,0,726982408,726982408,S,1,0,0
471,1,unknown,0,727016806,727016806,S,1,0,0
472,1,unknown,0,727052649,727052649,S,1,0,0
473,1,unknown,0,727088404,727088404,S,1,0,0
474,1,unknown,0,727124409,727124409,S,1,0,0
475,1,unknown,0,727158808,727158808,S,1,0,0
476,1,unknown,0,727193206,727193206,S,1,0,0
477,1,unknown,0,727227605,727227605,S,1,0,0
478,1,unknown,0,727262004,727262004,S,1,0,0
479,1,unknown,0,727296874,727296874,S,1,0,0
480,1,unknown,0,727331744,727331744,S,1,0,0
481,1,unknown,0,727366138,727366138,S,1,0,0
482,1,unknown,0,727400564,727400564,S,1,0,0
483,1,unknown,0,727434958,727434958,S,1,0,0
484,1,unknown,0,727469351,727469351,S,1,0,0
485,1,unknown,0,727505190,727505190,S,1,0,0
486,1,unknown,0,727539584,727539584,S,1,0,0
487,1,unknown,0,727573976,727573976,S,1,0,0
488,1,unknown,0,727608370,727608370,S,1,0,0
489,1,unknown,0,727642763,727642763,S,1,0,0
490,1,unknown,0,727677157,727677157,S,1,0,0
491,1,unknown,0,727711549,727711549,S,1,0,0
492,1,unknown,0,727745941,727745941,S,1,0,0
493,1,unknown,0,727780334,727780334,S,1,0,0
494,1,unknown,0,727814727,727814727,S,1,0,0
495,1,unknown,0,727849131,727849131,S,1,0,0
496,1,unknown,0,727883534,727883534,S,1,0,0
497,1,unknown,0,727917940,727917940,S,1,0,0
498,1,unknown,0,727952350,727952350,S,1,0,0
499,1,unknown,0,727988188,727988188,S,1,0,0
